,MAE,RMSE,R2,MAPE(%)
Validation,82.01075744628906,264.25489293010264,0.8680152893066406,26.44437599182129
Test,79.18651580810547,259.4437107784654,0.8649261593818665,27.047752380371094
