Model,MAE,RMSE,R2,MAPE(%),BestOrder
ARIMA,69593.25084719596,76799.6921619184,-0.24848558794838338,138.5389978208815,"(5, 0, 4)"
