,MAE,RMSE,R2,MAPE(%)
Validation,81.72879028320312,261.6775359340194,0.870577335357666,23.667264938354492
Test,78.56962585449219,257.021962218212,0.8674360513687134,23.576200485229492
